Edition,Report Type,Measure Name,State Name,Rank,Value,Score,Lower CI,Upper CI,Source,Source Year
2018,2018 HWC,Adequate Health Insurance,South Carolina,24,75.3,0.02,,,"Child and Adolescent Health Measurement Initiative, National Survey of Children’s Health, Data Resource Center for Child and Adolescent Health",2016
2018,2018 HWC,Adolescent Well-Visit,South Carolina,15,81.6,0.48,,,"Child and Adolescent Health Measurement Initiative, National Survey of Children’s Health, Data Resource Center for Child and Adolescent Health",2016
2018,2018 HWC,Adverse Childhood Experiences,South Carolina,37,25.3,0.9,,,"Child and Adolescent Health Measurement Initiative, National Survey of Children’s Health, Data Resource Center for Child and Adolescent Health",2016
2018,2018 HWC,Alcohol Consumption During Pregnancy,South Carolina,,7.4,-0.22,10.8,4.1,"CDC, Pregnancy Risk Assessment Monitoring System; California Department of Public Health, Maternal and Infant Health Assessment",2015
2018,2018 HWC,All Determinants-Children,South Carolina,41,-0.075,-0.075,0,0,America's Health Rankings Composite Measure,2018
2018,2018 HWC,All Determinants-HWC,South Carolina,38,-0.179,-0.179,0,0,America's Health Rankings Composite Measure,2018
2018,2018 HWC,All Determinants-Infants,South Carolina,22,0.004,0.004,0,0,America's Health Rankings Composite Measure,2018
2018,2018 HWC,All Determinants-Women,South Carolina,39,-0.108,-0.108,0,0,America's Health Rankings Composite Measure,2018
2018,2018 HWC,Baby-Friendly Facility,South Carolina,7,33.4,0.81,,,"CDC, Breastfeeding Report Card",2016
2018,2018 HWC,Behaviors-Children,South Carolina,35,-0.023,-0.023,0,0,America's Health Rankings Composite Measure,2018
2018,2018 HWC,Behaviors-HWC,South Carolina,39,-0.106,-0.106,0,0,America's Health Rankings Composite Measure,2018
2018,2018 HWC,Behaviors-Infants,South Carolina,41,-0.05,-0.05,0,0,America's Health Rankings Composite Measure,2018
2018,2018 HWC,Behaviors-Women,South Carolina,41,-0.033,-0.033,0,0,America's Health Rankings Composite Measure,2018
2018,2018 HWC,Breastfed,South Carolina,43,18.6,-1.06,23.7,14.4,"CDC, National Immunization Survey",2014
2018,2018 HWC,Cervical Cancer Screening - Women,South Carolina,19,81.6,0.58,84.6,78.5,"CDC, Behavioral Risk Factor Surveillance System",2016
2018,2018 HWC,"Cervical Cancer Screening - Women - $25-$49,999",South Carolina,16,85.1,0.57,90.6,79.7,"CDC, Behavioral Risk Factor Surveillance System",2016
2018,2018 HWC,"Cervical Cancer Screening - Women - $50-$74,999",South Carolina,0,87.6,0,95.1,80.1,"CDC, Behavioral Risk Factor Surveillance System",2016
2018,2018 HWC,"Cervical Cancer Screening - Women - $75,000 or More",South Carolina,13,92.3,0.57,96.7,87.8,"CDC, Behavioral Risk Factor Surveillance System",2016
2018,2018 HWC,Cervical Cancer Screening - Women - Aged 21-24,South Carolina,0,69.7,0,78.8,60.6,"CDC, Behavioral Risk Factor Surveillance System",2016
2018,2018 HWC,Cervical Cancer Screening - Women - Aged 25-34,South Carolina,15,86.5,0.84,90.2,82.7,"CDC, Behavioral Risk Factor Surveillance System",2016
2018,2018 HWC,Cervical Cancer Screening - Women - Aged 35-44,South Carolina,29,82.7,-0.43,87.1,78.3,"CDC, Behavioral Risk Factor Surveillance System",2016
2018,2018 HWC,Cervical Cancer Screening - Women - American Indian/Alaskan Native,South Carolina,0,,0,102.6,92.8,"CDC, Behavioral Risk Factor Surveillance System",2016
2018,2018 HWC,Cervical Cancer Screening - Women - Asian,South Carolina,0,,0,82.3,16.6,"CDC, Behavioral Risk Factor Surveillance System",2016
2018,2018 HWC,Cervical Cancer Screening - Women - Black,South Carolina,0,83.6,0,88.4,78.7,"CDC, Behavioral Risk Factor Surveillance System",2016
2018,2018 HWC,Cervical Cancer Screening - Women - College Grad,South Carolina,21,88.9,0.27,92.9,84.9,"CDC, Behavioral Risk Factor Surveillance System",2016
2018,2018 HWC,Cervical Cancer Screening - Women - Hawaiian/Pacific Islander,South Carolina,0,,0,0,0,"CDC, Behavioral Risk Factor Surveillance System",2016
2018,2018 HWC,Cervical Cancer Screening - Women - High School Grad,South Carolina,29,78.8,-0.04,85.3,72.3,"CDC, Behavioral Risk Factor Surveillance System",2016
2018,2018 HWC,Cervical Cancer Screening - Women - Hispanic,South Carolina,0,,0,91,60.8,"CDC, Behavioral Risk Factor Surveillance System",2016
2018,2018 HWC,"Cervical Cancer Screening - Women - Less than $25,000",South Carolina,24,79.4,0.03,85.6,73.2,"CDC, Behavioral Risk Factor Surveillance System",2016
2018,2018 HWC,Cervical Cancer Screening - Women - Less than High School,South Carolina,0,79,0,92,66,"CDC, Behavioral Risk Factor Surveillance System",2016
2018,2018 HWC,Cervical Cancer Screening - Women - Multiracial,South Carolina,0,,0,0,0,"CDC, Behavioral Risk Factor Surveillance System",2016
2018,2018 HWC,Cervical Cancer Screening - Women - Other Race,South Carolina,0,,0,0,0,"CDC, Behavioral Risk Factor Surveillance System",2016
2018,2018 HWC,Cervical Cancer Screening - Women - Rural,South Carolina,0,83.9,0,92.2,75.6,"CDC, Behavioral Risk Factor Surveillance System",2016
2018,2018 HWC,Cervical Cancer Screening - Women - Some College,South Carolina,19,86.5,0.4,91.1,82,"CDC, Behavioral Risk Factor Surveillance System",2016
2018,2018 HWC,Cervical Cancer Screening - Women - Suburban,South Carolina,0,78.1,0,87.6,68.6,"CDC, Behavioral Risk Factor Surveillance System",2016
2018,2018 HWC,Cervical Cancer Screening - Women - Urban,South Carolina,0,87.4,0,95.5,79.3,"CDC, Behavioral Risk Factor Surveillance System",2016
2018,2018 HWC,Cervical Cancer Screening - Women - White,South Carolina,24,82.1,0.07,86.1,78.1,"CDC, Behavioral Risk Factor Surveillance System",2016
2018,2018 HWC,Child Mortality,South Carolina,41,29.3,1.19,31.1,27.4,"CDC, National Vital Statistics System",2014-2016
2018,2018 HWC,Child Mortality - American Indian/Alaskan Native,South Carolina,,,,,,"CDC, National Vital Statistics System",2014-2016
2018,2018 HWC,Child Mortality - Asian,South Carolina,,,,,,"CDC, National Vital Statistics System",2014-2016
2018,2018 HWC,Child Mortality - Black,South Carolina,,36.7,,40.3,33.1,"CDC, National Vital Statistics System",2014-2016
2018,2018 HWC,Child Mortality - Female,South Carolina,,20.9,,23.1,18.6,"CDC, National Vital Statistics System",2014-2016
2018,2018 HWC,Child Mortality - Hispanic,South Carolina,,21,,27.6,15.6,"CDC, National Vital Statistics System",2014-2016
2018,2018 HWC,Child Mortality - Male,South Carolina,,37.3,,40.2,34.4,"CDC, National Vital Statistics System",2014-2016
2018,2018 HWC,Child Mortality - White,South Carolina,,26.3,,28.5,24.1,"CDC, National Vital Statistics System",2014-2016
2018,2018 HWC,Children with Health Insurance,South Carolina,20,95.3,0.58,,,"Child and Adolescent Health Measurement Initiative, National Survey of Children’s Health, Data Resource Center for Child and Adolescent Health",2016
2018,2018 HWC,Chlamydia - Women,South Carolina,45,2046.2,1.2,,,"CDC, National Center for HIV/AIDS, Viral Hepatitis, STD, and TB Prevention Atlas",2015
2018,2018 HWC,Chlamydia - Women - American Indian/Alaskan Native,South Carolina,,,,,,"CDC, National Center for HIV/AIDS, Viral Hepatitis, STD, and TB Prevention Atlas",2015
2018,2018 HWC,Chlamydia - Women - Asian,South Carolina,,,,,,"CDC, National Center for HIV/AIDS, Viral Hepatitis, STD, and TB Prevention Atlas",2015
2018,2018 HWC,Chlamydia - Women - Black,South Carolina,,3008,,,,"CDC, National Center for HIV/AIDS, Viral Hepatitis, STD, and TB Prevention Atlas",2015
2018,2018 HWC,Chlamydia - Women - Hawaiian/Pacific Islander,South Carolina,,,,,,"CDC, National Center for HIV/AIDS, Viral Hepatitis, STD, and TB Prevention Atlas",2015
2018,2018 HWC,Chlamydia - Women - Hispanic,South Carolina,,719.8,,,,"CDC, National Center for HIV/AIDS, Viral Hepatitis, STD, and TB Prevention Atlas",2015
2018,2018 HWC,Chlamydia - Women - White,South Carolina,,668,,,,"CDC, National Center for HIV/AIDS, Viral Hepatitis, STD, and TB Prevention Atlas",2015
2018,2018 HWC,Clinical Care-Children,South Carolina,46,-0.051,-0.051,0,0,America's Health Rankings Composite Measure,2018
2018,2018 HWC,Clinical Care-HWC,South Carolina,46,-0.099,-0.099,0,0,America's Health Rankings Composite Measure,2018
2018,2018 HWC,Clinical Care-Infants,South Carolina,42,-0.018,-0.018,0,0,America's Health Rankings Composite Measure,2018
2018,2018 HWC,Clinical Care-Women,South Carolina,43,-0.03,-0.03,0,0,America's Health Rankings Composite Measure,2018
2018,2018 HWC,Community & Environment-Children,South Carolina,40,-0.039,-0.039,0,0,America's Health Rankings Composite Measure,2018
2018,2018 HWC,Community & Environment-HWC,South Carolina,32,-0.033,-0.033,0,0,America's Health Rankings Composite Measure,2018
2018,2018 HWC,Community & Environment-Infants,South Carolina,2,0.05,0.05,0,0,America's Health Rankings Composite Measure,2018
2018,2018 HWC,Community & Environment-Women,South Carolina,42,-0.044,-0.044,0,0,America's Health Rankings Composite Measure,2018
2018,2018 HWC,Concentrated Disadvantage,South Carolina,43,29.8,0.62,,,"U.S. Census Bureau, American Community Survey",2012-2016
2018,2018 HWC,"Dedicated HC Provider - Women - $25-$49,999",South Carolina,32,74.5,-0.08,79.1,69.9,"CDC, Behavioral Risk Factor Surveillance System",2015-2016
2018,2018 HWC,"Dedicated HC Provider - Women - $50-$74,999",South Carolina,36,78.7,-0.47,84.8,72.6,"CDC, Behavioral Risk Factor Surveillance System",2015-2016
2018,2018 HWC,"Dedicated HC Provider - Women - $75,000 or More",South Carolina,25,86.1,-0.04,89.7,82.5,"CDC, Behavioral Risk Factor Surveillance System",2015-2016
2018,2018 HWC,Dedicated HC Provider - Women - Aged 18-24,South Carolina,33,64.2,-0.35,68.9,59.4,"CDC, Behavioral Risk Factor Surveillance System",2015-2016
2018,2018 HWC,Dedicated HC Provider - Women - Aged 25-34,South Carolina,40,68.7,-0.38,72.3,65.2,"CDC, Behavioral Risk Factor Surveillance System",2015-2016
2018,2018 HWC,Dedicated HC Provider - Women - Aged 35-44,South Carolina,27,82,0.19,84.8,79.2,"CDC, Behavioral Risk Factor Surveillance System",2015-2016
2018,2018 HWC,Dedicated HC Provider - Women - American Indian/Alaskan Native,South Carolina,0,,0,96.7,49.9,"CDC, Behavioral Risk Factor Surveillance System",2015-2016
2018,2018 HWC,Dedicated HC Provider - Women - Asian,South Carolina,0,,0,60.5,20.7,"CDC, Behavioral Risk Factor Surveillance System",2015-2016
2018,2018 HWC,Dedicated HC Provider - Women - Black,South Carolina,0,73.7,0,77.3,70.2,"CDC, Behavioral Risk Factor Surveillance System",2015-2016
2018,2018 HWC,Dedicated HC Provider - Women - College Grad,South Carolina,33,81.2,-0.25,84.3,78.1,"CDC, Behavioral Risk Factor Surveillance System",2015-2016
2018,2018 HWC,Dedicated HC Provider - Women - Hawaiian/Pacific Islander,South Carolina,0,,0,82.8,0,"CDC, Behavioral Risk Factor Surveillance System",2015-2016
2018,2018 HWC,Dedicated HC Provider - Women - High School Grad,South Carolina,25,75.4,0.32,79.7,71.1,"CDC, Behavioral Risk Factor Surveillance System",2015-2016
2018,2018 HWC,Dedicated HC Provider - Women - Hispanic,South Carolina,0,55.9,0,66,45.7,"CDC, Behavioral Risk Factor Surveillance System",2015-2016
2018,2018 HWC,"Dedicated HC Provider - Women - Less than $25,000",South Carolina,30,67.9,0.22,72.4,63.4,"CDC, Behavioral Risk Factor Surveillance System",2015-2016
2018,2018 HWC,Dedicated HC Provider - Women - Less than High School,South Carolina,0,57.7,0,67.7,47.6,"CDC, Behavioral Risk Factor Surveillance System",2015-2016
2018,2018 HWC,Dedicated HC Provider - Women - Multiracial,South Carolina,0,71.4,0,83.6,59.3,"CDC, Behavioral Risk Factor Surveillance System",2015-2016
2018,2018 HWC,Dedicated HC Provider - Women - Other Race,South Carolina,0,,0,112.7,56.2,"CDC, Behavioral Risk Factor Surveillance System",2015-2016
2018,2018 HWC,Dedicated HC Provider - Women - Rural,South Carolina,0,80.2,0,87.4,72.9,"CDC, Behavioral Risk Factor Surveillance System",2015-2016
2018,2018 HWC,Dedicated HC Provider - Women - Some College,South Carolina,40,75.2,-0.64,79.2,71.2,"CDC, Behavioral Risk Factor Surveillance System",2015-2016
2018,2018 HWC,Dedicated HC Provider - Women - Suburban,South Carolina,0,81,0,86.1,76,"CDC, Behavioral Risk Factor Surveillance System",2015-2016
2018,2018 HWC,Dedicated HC Provider - Women - Urban,South Carolina,0,78.4,0,85.1,71.8,"CDC, Behavioral Risk Factor Surveillance System",2015-2016
2018,2018 HWC,Dedicated HC Provider - Women - White,South Carolina,37,74.5,-0.67,77.2,71.8,"CDC, Behavioral Risk Factor Surveillance System",2015-2016
2018,2018 HWC,Dedicated Health Care Provider - Women,South Carolina,36,72.2,-0.22,74.3,70.1,"CDC, Behavioral Risk Factor Surveillance System",2015-2016
2018,2018 HWC,Dental Visit - Women,South Carolina,42,62.7,-0.86,65.9,59.4,"CDC, Behavioral Risk Factor Surveillance System",2016
2018,2018 HWC,"Dental Visit - Women - $25-$49,999",South Carolina,23,63.4,0.12,70.5,56.3,"CDC, Behavioral Risk Factor Surveillance System",2016
2018,2018 HWC,"Dental Visit - Women - $50-$74,999",South Carolina,0,76.4,0,84.9,67.8,"CDC, Behavioral Risk Factor Surveillance System",2016
2018,2018 HWC,"Dental Visit - Women - $75,000 or More",South Carolina,25,84,0.2,89.5,78.5,"CDC, Behavioral Risk Factor Surveillance System",2016
2018,2018 HWC,Dental Visit - Women - Aged 18-24,South Carolina,46,61.3,-1.4,68.4,54.2,"CDC, Behavioral Risk Factor Surveillance System",2016
2018,2018 HWC,Dental Visit - Women - Aged 25-34,South Carolina,40,60,-0.69,65.3,54.7,"CDC, Behavioral Risk Factor Surveillance System",2016
2018,2018 HWC,Dental Visit - Women - Aged 35-44,South Carolina,36,66.5,-0.37,71.2,61.8,"CDC, Behavioral Risk Factor Surveillance System",2016
2018,2018 HWC,Dental Visit - Women - American Indian/Alaskan Native,South Carolina,0,,0,74.6,11.3,"CDC, Behavioral Risk Factor Surveillance System",2016
2018,2018 HWC,Dental Visit - Women - Asian,South Carolina,0,,0,89,29.6,"CDC, Behavioral Risk Factor Surveillance System",2016
2018,2018 HWC,Dental Visit - Women - Black,South Carolina,0,58.1,0,63.6,52.6,"CDC, Behavioral Risk Factor Surveillance System",2016
2018,2018 HWC,Dental Visit - Women - College Grad,South Carolina,41,74.9,-0.93,79.8,70.1,"CDC, Behavioral Risk Factor Surveillance System",2016
2018,2018 HWC,Dental Visit - Women - Hawaiian/Pacific Islander,South Carolina,0,,0,0,0,"CDC, Behavioral Risk Factor Surveillance System",2016
2018,2018 HWC,Dental Visit - Women - High School Grad,South Carolina,30,57.4,-0.09,64.4,50.4,"CDC, Behavioral Risk Factor Surveillance System",2016
2018,2018 HWC,Dental Visit - Women - Hispanic,South Carolina,0,50.5,0,65.2,35.8,"CDC, Behavioral Risk Factor Surveillance System",2016
2018,2018 HWC,"Dental Visit - Women - Less than $25,000",South Carolina,31,48.7,-0.33,55.4,42,"CDC, Behavioral Risk Factor Surveillance System",2016
2018,2018 HWC,Dental Visit - Women - Less than High School,South Carolina,0,43.7,0,57.8,29.6,"CDC, Behavioral Risk Factor Surveillance System",2016
2018,2018 HWC,Dental Visit - Women - Multiracial,South Carolina,0,,0,67.4,30.8,"CDC, Behavioral Risk Factor Surveillance System",2016
2018,2018 HWC,Dental Visit - Women - Other Race,South Carolina,0,,0,119.6,8.6,"CDC, Behavioral Risk Factor Surveillance System",2016
2018,2018 HWC,Dental Visit - Women - Rural,South Carolina,0,55.4,0,68.2,42.7,"CDC, Behavioral Risk Factor Surveillance System",2016
2018,2018 HWC,Dental Visit - Women - Some College,South Carolina,41,62.8,-0.55,69.2,56.5,"CDC, Behavioral Risk Factor Surveillance System",2016
2018,2018 HWC,Dental Visit - Women - Suburban,South Carolina,0,71.1,0,79.6,62.6,"CDC, Behavioral Risk Factor Surveillance System",2016
2018,2018 HWC,Dental Visit - Women - Urban,South Carolina,0,70.8,0,81.2,60.5,"CDC, Behavioral Risk Factor Surveillance System",2016
2018,2018 HWC,Dental Visit - Women - White,South Carolina,35,67.5,-0.56,71.7,63.4,"CDC, Behavioral Risk Factor Surveillance System",2016
2018,2018 HWC,Developmental Screening,South Carolina,33,24.9,-0.26,,,"Child and Adolescent Health Measurement Initiative, National Survey of Children’s Health, Data Resource Center for Child and Adolescent Health",2016
2018,2018 HWC,Diabetes - Women,South Carolina,41,4.1,1.2,4.9,3.3,"CDC, Behavioral Risk Factor Surveillance System",2015-2016
2018,2018 HWC,"Diabetes - Women - $25-$49,999",South Carolina,0,6.9,0,9.6,4.3,"CDC, Behavioral Risk Factor Surveillance System",2015-2016
2018,2018 HWC,"Diabetes - Women - $50-$74,999",South Carolina,0,,0,5.7,0.9,"CDC, Behavioral Risk Factor Surveillance System",2015-2016
2018,2018 HWC,"Diabetes - Women - $75,000 or More",South Carolina,0,,0,3,0.2,"CDC, Behavioral Risk Factor Surveillance System",2015-2016
2018,2018 HWC,Diabetes - Women - Aged 18-24,South Carolina,0,,0,2.3,0.3,"CDC, Behavioral Risk Factor Surveillance System",2015-2016
2018,2018 HWC,Diabetes - Women - Aged 25-34,South Carolina,0,2.3,0,3.3,1.4,"CDC, Behavioral Risk Factor Surveillance System",2015-2016
2018,2018 HWC,Diabetes - Women - Aged 35-44,South Carolina,46,8.1,1.61,10,6.2,"CDC, Behavioral Risk Factor Surveillance System",2015-2016
2018,2018 HWC,Diabetes - Women - American Indian/Alaskan Native,South Carolina,0,,0,0,0,"CDC, Behavioral Risk Factor Surveillance System",2015-2016
2018,2018 HWC,Diabetes - Women - Asian,South Carolina,0,,0,0,0,"CDC, Behavioral Risk Factor Surveillance System",2015-2016
2018,2018 HWC,Diabetes - Women - Black,South Carolina,0,5.4,0,7,3.7,"CDC, Behavioral Risk Factor Surveillance System",2015-2016
2018,2018 HWC,Diabetes - Women - College Grad,South Carolina,0,2.4,0,3.4,1.4,"CDC, Behavioral Risk Factor Surveillance System",2015-2016
2018,2018 HWC,Diabetes - Women - Hawaiian/Pacific Islander,South Carolina,0,,0,0,0,"CDC, Behavioral Risk Factor Surveillance System",2015-2016
2018,2018 HWC,Diabetes - Women - High School Grad,South Carolina,0,7,0,9.4,4.7,"CDC, Behavioral Risk Factor Surveillance System",2015-2016
2018,2018 HWC,Diabetes - Women - Hispanic,South Carolina,0,,0,10.5,2.4,"CDC, Behavioral Risk Factor Surveillance System",2015-2016
2018,2018 HWC,"Diabetes - Women - Less than $25,000",South Carolina,0,7.1,0,9.3,4.9,"CDC, Behavioral Risk Factor Surveillance System",2015-2016
2018,2018 HWC,Diabetes - Women - Less than High School,South Carolina,0,,0,11.9,2.9,"CDC, Behavioral Risk Factor Surveillance System",2015-2016
2018,2018 HWC,Diabetes - Women - Multiracial,South Carolina,0,,0,19.3,1.8,"CDC, Behavioral Risk Factor Surveillance System",2015-2016
2018,2018 HWC,Diabetes - Women - Other Race,South Carolina,0,,0,0,0,"CDC, Behavioral Risk Factor Surveillance System",2015-2016
2018,2018 HWC,Diabetes - Women - Rural,South Carolina,0,,0,10.4,2.6,"CDC, Behavioral Risk Factor Surveillance System",2015-2016
2018,2018 HWC,Diabetes - Women - Some College,South Carolina,0,5.6,0,7.7,3.5,"CDC, Behavioral Risk Factor Surveillance System",2015-2016
2018,2018 HWC,Diabetes - Women - Suburban,South Carolina,0,4.7,0,7.3,2,"CDC, Behavioral Risk Factor Surveillance System",2015-2016
2018,2018 HWC,Diabetes - Women - Urban,South Carolina,0,,0,10.3,1.9,"CDC, Behavioral Risk Factor Surveillance System",2015-2016
2018,2018 HWC,Diabetes - Women - White,South Carolina,0,3,0,3.9,2,"CDC, Behavioral Risk Factor Surveillance System",2015-2016
2018,2018 HWC,Drug Deaths - Women,South Carolina,19,14.2,-0.03,15.6,12.8,"CDC, National Vital Statistics System",2014-2016
2018,2018 HWC,Drug Deaths - Women - Aged 15-24,South Carolina,,4.5,,6,3.2,"CDC, National Vital Statistics System",2014-2016
2018,2018 HWC,Drug Deaths - Women - Aged 25-34,South Carolina,,12.6,,14.9,10.4,"CDC, National Vital Statistics System",2014-2016
2018,2018 HWC,Drug Deaths - Women - Aged 35-44,South Carolina,,26.4,,29.7,23.1,"CDC, National Vital Statistics System",2014-2016
2018,2018 HWC,Drug Deaths - Women - Black,South Carolina,,4.2,,5.8,3,"CDC, National Vital Statistics System",2014-2016
2018,2018 HWC,Drug Deaths - Women - Hispanic,South Carolina,,,,,,"CDC, National Vital Statistics System",2014-2016
2018,2018 HWC,Drug Deaths - Women - White,South Carolina,,19.3,,21.3,17.3,"CDC, National Vital Statistics System",2014-2016
2018,2018 HWC,Excessive Drinking - Women,South Carolina,16,17.4,-0.38,19.2,15.7,"CDC, Behavioral Risk Factor Surveillance System",2015-2016
2018,2018 HWC,"Excessive Drinking - Women - $25-$49,999",South Carolina,23,17.8,-0.08,21.9,13.6,"CDC, Behavioral Risk Factor Surveillance System",2015-2016
2018,2018 HWC,"Excessive Drinking - Women - $50-$74,999",South Carolina,0,20.8,0,26.4,15.2,"CDC, Behavioral Risk Factor Surveillance System",2015-2016
2018,2018 HWC,"Excessive Drinking - Women - $75,000 or More",South Carolina,14,18.4,-0.77,22.5,14.3,"CDC, Behavioral Risk Factor Surveillance System",2015-2016
2018,2018 HWC,Excessive Drinking - Women - American Indian/Alaskan Native,South Carolina,0,,0,15.6,0,"CDC, Behavioral Risk Factor Surveillance System",2015-2016
2018,2018 HWC,Excessive Drinking - Women - Asian,South Carolina,0,,0,8.8,0,"CDC, Behavioral Risk Factor Surveillance System",2015-2016
2018,2018 HWC,Excessive Drinking - Women - Black,South Carolina,0,13.8,0,16.5,11,"CDC, Behavioral Risk Factor Surveillance System",2015-2016
2018,2018 HWC,Excessive Drinking - Women - College Grad,South Carolina,20,19.3,-0.33,22.6,16,"CDC, Behavioral Risk Factor Surveillance System",2015-2016
2018,2018 HWC,Excessive Drinking - Women - Hawaiian/Pacific Islander,South Carolina,0,,0,60.4,0,"CDC, Behavioral Risk Factor Surveillance System",2015-2016
2018,2018 HWC,Excessive Drinking - Women - High School Grad,South Carolina,32,17,0.23,20.7,13.2,"CDC, Behavioral Risk Factor Surveillance System",2015-2016
2018,2018 HWC,Excessive Drinking - Women - Hispanic,South Carolina,0,14.5,0,21.6,7.4,"CDC, Behavioral Risk Factor Surveillance System",2015-2016
2018,2018 HWC,"Excessive Drinking - Women - Less Than $25,000",South Carolina,26,15.1,0.42,18.5,11.8,"CDC, Behavioral Risk Factor Surveillance System",2015-2016
2018,2018 HWC,Excessive Drinking - Women - Less than High School,South Carolina,0,13.9,0,20.7,7,"CDC, Behavioral Risk Factor Surveillance System",2015-2016
2018,2018 HWC,Excessive Drinking - Women - Multiracial,South Carolina,0,,0,26.7,6.6,"CDC, Behavioral Risk Factor Surveillance System",2015-2016
2018,2018 HWC,Excessive Drinking - Women - Other Race,South Carolina,0,,0,0,0,"CDC, Behavioral Risk Factor Surveillance System",2015-2016
2018,2018 HWC,Excessive Drinking - Women - Rural,South Carolina,0,10.7,0,16,5.4,"CDC, Behavioral Risk Factor Surveillance System",2015-2016
2018,2018 HWC,Excessive Drinking - Women - Some College,South Carolina,11,15.4,-0.75,18.8,12.1,"CDC, Behavioral Risk Factor Surveillance System",2015-2016
2018,2018 HWC,Excessive Drinking - Women - Suburban,South Carolina,0,13.1,0,17.4,8.8,"CDC, Behavioral Risk Factor Surveillance System",2015-2016
2018,2018 HWC,Excessive Drinking - Women - Urban,South Carolina,0,12.8,0,18.6,7.1,"CDC, Behavioral Risk Factor Surveillance System",2015-2016
2018,2018 HWC,Excessive Drinking - Women - White,South Carolina,18,20.2,-0.53,22.7,17.7,"CDC, Behavioral Risk Factor Surveillance System",2015-2016
2018,2018 HWC,Excessive Drinking - Women Aged 18-24,South Carolina,11,18.9,-0.64,22.9,15,"CDC, Behavioral Risk Factor Surveillance System",2015-2016
2018,2018 HWC,Excessive Drinking - Women Aged 25-34,South Carolina,14,18.1,-0.55,21,15.2,"CDC, Behavioral Risk Factor Surveillance System",2015-2016
2018,2018 HWC,Excessive Drinking - Women Aged 35-44,South Carolina,27,15.6,0.16,18.2,13,"CDC, Behavioral Risk Factor Surveillance System",2015-2016
2018,2018 HWC,Flu Vaccine - Women,South Carolina,45,29.7,-0.81,31.9,27.6,"CDC, Behavioral Risk Factor Surveillance System",2015-2016
2018,2018 HWC,"Flu Vaccine - Women - $25-$49,999",South Carolina,29,31.3,0.08,36.2,26.4,"CDC, Behavioral Risk Factor Surveillance System",2015-2016
2018,2018 HWC,"Flu Vaccine - Women - $50-$74,999",South Carolina,31,36.2,-0.07,42.8,29.7,"CDC, Behavioral Risk Factor Surveillance System",2015-2016
2018,2018 HWC,"Flu Vaccine - Women - $75,000 or More",South Carolina,36,43.2,-0.25,48.5,37.9,"CDC, Behavioral Risk Factor Surveillance System",2015-2016
2018,2018 HWC,Flu Vaccine - Women - Aged 18-24,South Carolina,48,23.2,-1.33,27.5,18.9,"CDC, Behavioral Risk Factor Surveillance System",2015-2016
2018,2018 HWC,Flu Vaccine - Women - Aged 25-34,South Carolina,40,32,-0.49,35.6,28.4,"CDC, Behavioral Risk Factor Surveillance System",2015-2016
2018,2018 HWC,Flu Vaccine - Women - Aged 35-44,South Carolina,42,32.3,-0.57,35.5,29.1,"CDC, Behavioral Risk Factor Surveillance System",2015-2016
2018,2018 HWC,Flu Vaccine - Women - American Indian/Alaskan Native,South Carolina,0,,0,68.4,13.4,"CDC, Behavioral Risk Factor Surveillance System",2015-2016
2018,2018 HWC,Flu Vaccine - Women - Asian,South Carolina,0,,0,34.5,6.4,"CDC, Behavioral Risk Factor Surveillance System",2015-2016
2018,2018 HWC,Flu Vaccine - Women - Black,South Carolina,0,24.2,0,27.7,20.8,"CDC, Behavioral Risk Factor Surveillance System",2015-2016
2018,2018 HWC,Flu Vaccine - Women - College Grad,South Carolina,40,41.6,-0.45,45.6,37.6,"CDC, Behavioral Risk Factor Surveillance System",2015-2016
2018,2018 HWC,Flu Vaccine - Women - Hawaiian/Pacific Islander,South Carolina,0,,0,104.9,9.3,"CDC, Behavioral Risk Factor Surveillance System",2015-2016
2018,2018 HWC,Flu Vaccine - Women - High School Grad,South Carolina,23,27.7,0.04,32.4,23,"CDC, Behavioral Risk Factor Surveillance System",2015-2016
2018,2018 HWC,Flu Vaccine - Women - Hispanic,South Carolina,0,29.9,0,39.7,20.1,"CDC, Behavioral Risk Factor Surveillance System",2015-2016
2018,2018 HWC,"Flu Vaccine - Women - Less than $25,000",South Carolina,44,23.8,-0.86,28,19.7,"CDC, Behavioral Risk Factor Surveillance System",2015-2016
2018,2018 HWC,Flu Vaccine - Women - Less than High School,South Carolina,0,18.9,0,26.9,11,"CDC, Behavioral Risk Factor Surveillance System",2015-2016
2018,2018 HWC,Flu Vaccine - Women - Multiracial,South Carolina,0,19.9,0,29.3,10.5,"CDC, Behavioral Risk Factor Surveillance System",2015-2016
2018,2018 HWC,Flu Vaccine - Women - Other Race,South Carolina,0,,0,50.7,0,"CDC, Behavioral Risk Factor Surveillance System",2015-2016
2018,2018 HWC,Flu Vaccine - Women - Rural,South Carolina,0,30,0,37.9,22.1,"CDC, Behavioral Risk Factor Surveillance System",2015-2016
2018,2018 HWC,Flu Vaccine - Women - Some College,South Carolina,38,30.7,-0.37,34.9,26.6,"CDC, Behavioral Risk Factor Surveillance System",2015-2016
2018,2018 HWC,Flu Vaccine - Women - Suburban,South Carolina,0,33.4,0,39.3,27.5,"CDC, Behavioral Risk Factor Surveillance System",2015-2016
2018,2018 HWC,Flu Vaccine - Women - Urban,South Carolina,0,36,0,44.1,27.9,"CDC, Behavioral Risk Factor Surveillance System",2015-2016
2018,2018 HWC,Flu Vaccine - Women - White,South Carolina,37,33,-0.54,35.8,30.2,"CDC, Behavioral Risk Factor Surveillance System",2015-2016
2018,2018 HWC,Food Insecurity - Household,South Carolina,29,13,0,14.9,11.1,"U.S. Department of Agriculture, Current Population Survey Food Security Supplement",2014-2016
2018,2018 HWC,High School Graduation,South Carolina,33,82.6,-0.33,,,"U.S. Department of Education, National Center for Education Statistics",2015-2016
2018,2018 HWC,High School Graduation - American Indian/Alaska Native,South Carolina,,74,,,,"U.S. Department of Education, National Center for Education Statistics",2015-2016
2018,2018 HWC,High School Graduation - Asian/Pacific Islander,South Carolina,,94,,,,"U.S. Department of Education, National Center for Education Statistics",2015-2016
2018,2018 HWC,High School Graduation - Black Race,South Carolina,15,80.3,,,,"U.S. Department of Education, National Center for Education Statistics",2015-2016
2018,2018 HWC,High School Graduation - Hispanic,South Carolina,20,79.9,,,,"U.S. Department of Education, National Center for Education Statistics",2015-2016
2018,2018 HWC,High School Graduation - White,South Carolina,37,84.1,,,,"U.S. Department of Education, National Center for Education Statistics",2015-2016
2018,2018 HWC,Homeless Family Households,South Carolina,6,2.7,-0.81,,,"National Alliance to End Homelessness, American Community Survey and HUD Annual Homeless Assessment Report ",2017
2018,2018 HWC,Household Smoke,South Carolina,19,15.8,-0.1,,,"Child and Adolescent Health Measurement Initiative, National Survey of Children’s Health, Data Resource Center for Child and Adolescent Health",2016
2018,2018 HWC,Immunization HPV Females,South Carolina,50,30.8,-2,40.6,22.5,"CDC, National Immunization Survey",2016
2018,2018 HWC,Immunization HPV Females - Above Poverty,South Carolina,,30.8,,41.5,21.8,"CDC, National Immunization Survey",2016
2018,2018 HWC,Immunization HPV Females - Below Poverty,South Carolina,,,,,,"CDC, National Immunization Survey",2016
2018,2018 HWC,Immunization HPV Females - Black,South Carolina,,,,,,"CDC, National Immunization Survey",2016
2018,2018 HWC,Immunization HPV Females - Hispanic,South Carolina,,,,,,"CDC, National Immunization Survey",2016
2018,2018 HWC,Immunization HPV Females - White,South Carolina,,23.9,,34.8,15.6,"CDC, National Immunization Survey",2016
2018,2018 HWC,Immunization HPV Males,South Carolina,43,27.4,-1.08,36.4,20,"CDC, National Immunization Survey",2016
2018,2018 HWC,Immunization HPV Males - Above Poverty,South Carolina,,22.2,,32.4,14.6,"CDC, National Immunization Survey",2016
2018,2018 HWC,Immunization HPV Males - Below Poverty,South Carolina,,41.9,,60.7,25.2,"CDC, National Immunization Survey",2016
2018,2018 HWC,Immunization HPV Males - Black,South Carolina,,,,,,"CDC, National Immunization Survey",2016
2018,2018 HWC,Immunization HPV Males - Hispanic,South Carolina,,,,,,"CDC, National Immunization Survey",2016
2018,2018 HWC,Immunization HPV Males - White,South Carolina,,27.0,,38.7,17.8,"CDC, National Immunization Survey",2016
2018,2018 HWC,Immunization Meningococcal,South Carolina,44,68.9,-1.36,75.2,61.9,"CDC, National Immunization Survey",2016
2018,2018 HWC,Immunization Meningococcal - Above Poverty,South Carolina,,69.6,,76.6,61.6,"CDC, National Immunization Survey",2016
2018,2018 HWC,Immunization Meningococcal - Below Poverty,South Carolina,,70.2,,82.3,54.3,"CDC, National Immunization Survey",2016
2018,2018 HWC,Immunization Meningococcal - Black,South Carolina,,68.5,,80.7,53.1,"CDC, National Immunization Survey",2016
2018,2018 HWC,Immunization Meningococcal - Hispanic,South Carolina,,,,,,"CDC, National Immunization Survey",2016
2018,2018 HWC,Immunization Meningococcal - White,South Carolina,,69.0,,76.4,60.5,"CDC, National Immunization Survey",2016
2018,2018 HWC,Immunization Tdap,South Carolina,50,77.5,-2,83.1,70.7,"CDC, National Immunization Survey",2016
2018,2018 HWC,Immunization Tdap - Above Poverty,South Carolina,,80.5,,86.1,73.3,"CDC, National Immunization Survey",2016
2018,2018 HWC,Immunization Tdap - Below Poverty,South Carolina,,71.9,,84.1,55.2,"CDC, National Immunization Survey",2016
2018,2018 HWC,Immunization Tdap - Black,South Carolina,,80.0,,90.1,63.8,"CDC, National Immunization Survey",2016
2018,2018 HWC,Immunization Tdap - Hispanic,South Carolina,,,,,,"CDC, National Immunization Survey",2016
2018,2018 HWC,Immunization Tdap - White,South Carolina,,75.6,,82.3,67.3,"CDC, National Immunization Survey",2016
2018,2018 HWC,Immunizations - Adolescents,South Carolina,49,-1.633,-1.633,,,America's Health Rankings Composite Measure,2018
2018,2018 HWC,Immunizations - Children,South Carolina,32,69.7,-0.19,75.8,62.8,"CDC, National Immunization Survey",2016
2018,2018 HWC,Immunizations - Children - Above Poverty,South Carolina,,71.0,,78.3,62.4,"CDC, National Immunization Survey",2016
2018,2018 HWC,Immunizations - Children - Below Poverty,South Carolina,,71.9,,81.5,59.8,"CDC, National Immunization Survey",2016
2018,2018 HWC,Immunizations - Children - Black,South Carolina,,58.2,,73.5,41.1,"CDC, National Immunization Survey",2016
2018,2018 HWC,Immunizations - Children - Hispanic,South Carolina,,88.3,,95.7,72.1,"CDC, National Immunization Survey",2016
2018,2018 HWC,Immunizations - Children - White,South Carolina,,71.2,,78.3,62.8,"CDC, National Immunization Survey",2016
2018,2018 HWC,Infant Child Care Cost,South Carolina,6,8.7,-1.39,,,"Child Care Aware, Parents and the High Cost of Child Care",2016
2018,2018 HWC,Infant Mortality,South Carolina,36,6.7,0.69,,,"CDC, National Vital Statistics System",2014-2015
2018,2018 HWC,Infant Mortality -  Mother Age 25-29,South Carolina,,6.1,,,,"CDC, National Vital Statistics System",2014-2015
2018,2018 HWC,Infant Mortality - American Indian/Alaskan Native,South Carolina,,,,,,"CDC, National Vital Statistics System",2014-2015
2018,2018 HWC,Infant Mortality - Asian,South Carolina,,,,,,"CDC, National Vital Statistics System",2014-2015
2018,2018 HWC,Infant Mortality - Black,South Carolina,,10.8,,,,"CDC, National Vital Statistics System",2014-2015
2018,2018 HWC,Infant Mortality - Hispanic,South Carolina,,4.4,,,,"CDC, National Vital Statistics System",2014-2015
2018,2018 HWC,Infant Mortality - Mother Age 15-19,South Carolina,,8.3,,,,"CDC, National Vital Statistics System",2014-2015
2018,2018 HWC,Infant Mortality - Mother Age 20-24,South Carolina,,7.8,,,,"CDC, National Vital Statistics System",2014-2015
2018,2018 HWC,Infant Mortality - Mother Age 30-34,South Carolina,,5.7,,,,"CDC, National Vital Statistics System",2014-2015
2018,2018 HWC,Infant Mortality - Mother Age 35-39,South Carolina,,6,,,,"CDC, National Vital Statistics System",2014-2015
2018,2018 HWC,Infant Mortality - Mother Age 40-44,South Carolina,,,,,,"CDC, National Vital Statistics System",2014-2015
2018,2018 HWC,Infant Mortality - White,South Carolina,14,4.7,,,,"CDC, National Vital Statistics System",2014-2015
2018,2018 HWC,Intended Pregnancy,South Carolina,,46.2,-1.58,52.4,39.9,AHR data,
2018,2018 HWC,Intimate Partner Violence-Lifetime,South Carolina,45,42.3,1.34,48.5,36.4,"CDC, National Intimate Partner and Sexual Violence Survey",2010-2012
2018,2018 HWC,Intimate Partner Violence-Pregnancy,South Carolina,,2.7,1,4.6,0.7,"CDC, Pregnancy Risk Assessment Monitoring System; California Department of Public Health, Maternal and Infant Health Assessment",2015
2018,2018 HWC,Low Birthweight,South Carolina,45,9.5,1.13,,,"CDC, National Vital Statistics System",2015
2018,2018 HWC,Low Birthweight - Blacks,South Carolina,,14.5,,,,"CDC, National Vital Statistics System",2015
2018,2018 HWC,Low Birthweight - Hispanics,South Carolina,,6.4,,,,"CDC, National Vital Statistics System",2015
2018,2018 HWC,Low Birthweight - Mother Aged 15-19,South Carolina,,11.1,,,,"CDC, National Vital Statistics System",2015
2018,2018 HWC,Low Birthweight - Mother Aged 20-24,South Carolina,,9.7,,,,"CDC, National Vital Statistics System",2015
2018,2018 HWC,Low Birthweight - Mother Aged 25-29,South Carolina,,8.9,,,,"CDC, National Vital Statistics System",2015
2018,2018 HWC,Low Birthweight - Mother Aged 30-34,South Carolina,,8.8,,,,"CDC, National Vital Statistics System",2015
2018,2018 HWC,Low Birthweight - Mother Aged 35-39,South Carolina,,10.9,,,,"CDC, National Vital Statistics System",2015
2018,2018 HWC,Low Birthweight - Mother Aged 40-44,South Carolina,,10.7,,,,"CDC, National Vital Statistics System",2015
2018,2018 HWC,Low Birthweight - Whites,South Carolina,,7.3,,,,"CDC, National Vital Statistics System",2015
2018,2018 HWC,Low-Risk Cesarean Delivery,South Carolina,36,26.9,0.31,,,"CDC, National Vital Statistics System",2015
2018,2018 HWC,Low-Risk Cesarean Delivery Black Race,South Carolina,,30.6,,,,"CDC, National Vital Statistics System",2016
2018,2018 HWC,Low-Risk Cesarean Delivery Hispanic,South Carolina,,23.4,,,,"CDC, National Vital Statistics System",2016
2018,2018 HWC,Low-Risk Cesarean Delivery White Race,South Carolina,35,25.6,,,,"CDC, National Vital Statistics System",2016
2018,2018 HWC,Maternal Mortality,South Carolina,40,26.5,0.62,,,"CDC, National Vital Statistics System",2011-2015
2018,2018 HWC,Maternal Mortality - Aged 15-24,South Carolina,21,21.4,2,,,AHR data,
2018,2018 HWC,Maternal Mortality - Aged 25-34,South Carolina,25,19.3,0.854,,,AHR data,
2018,2018 HWC,Maternal Mortality - Aged 35-44,South Carolina,24,62.5,0.823,,,AHR data,
2018,2018 HWC,Maternal Mortality - AIAN,South Carolina,,,,,,AHR data,
2018,2018 HWC,Maternal Mortality - Asian/Pacific Islander,South Carolina,,,,,,AHR data,
2018,2018 HWC,Maternal Mortality - Black,South Carolina,17,56.7,0.47,,,AHR data,
2018,2018 HWC,Maternal Mortality - Hispanic,South Carolina,,,,,,AHR data,
2018,2018 HWC,Maternal Mortality - White,South Carolina,14,13.8,-0.47,,,AHR data,
2018,2018 HWC,Medical Home for Child with Special Health Care Needs,South Carolina,13,50.2,1.15,,,"Child and Adolescent Health Measurement Initiative, National Survey of Children’s Health, Data Resource Center for Child and Adolescent Health",2016
2018,2018 HWC,Missed School Days,South Carolina,2,2.1,-1.43,,,"Child and Adolescent Health Measurement Initiative, National Survey of Children’s Health, Data Resource Center for Child and Adolescent Health",2016
2018,2018 HWC,mPINC,South Carolina,27,78,-0.16,,,"CDC, Breastfeeding Report Card",2016
2018,2018 HWC,Neighborhood Amenities,South Carolina,45,21.4,-1.59,,,"Child and Adolescent Health Measurement Initiative, National Survey of Children’s Health, Data Resource Center for Child and Adolescent Health",2016
2018,2018 HWC,Neonatal Mortality,South Carolina,40,4.5,0.8,4.9,4.1,"CDC, National Vital Statistics System",2015-2016
2018,2018 HWC,Neonatal Mortality - Female,South Carolina,,4.3,,4.8,3.7,"CDC, National Vital Statistics System",2015-2016
2018,2018 HWC,Neonatal Mortality - Male,South Carolina,,4.7,,5.3,4.1,"CDC, National Vital Statistics System",2015-2016
2018,2018 HWC,Obesity - Women,South Carolina,42,31.7,1.03,33.8,29.5,"CDC, Behavioral Risk Factor Surveillance System",2015-2016
2018,2018 HWC,"Obesity - Women - $25-$49,999",South Carolina,35,37.8,0.37,42.8,32.8,"CDC, Behavioral Risk Factor Surveillance System",2015-2016
2018,2018 HWC,"Obesity - Women - $50-$74,999",South Carolina,24,29.8,0.14,36.1,23.4,"CDC, Behavioral Risk Factor Surveillance System",2015-2016
2018,2018 HWC,"Obesity - Women - $75,000 or More",South Carolina,32,23.1,0.78,27.7,18.5,"CDC, Behavioral Risk Factor Surveillance System",2015-2016
2018,2018 HWC,Obesity - Women - Aged 18-24,South Carolina,40,21.4,0.8,25.6,17.2,"CDC, Behavioral Risk Factor Surveillance System",2015-2016
2018,2018 HWC,Obesity - Women - Aged 25-34,South Carolina,42,33.8,1.2,37.4,30.2,"CDC, Behavioral Risk Factor Surveillance System",2015-2016
2018,2018 HWC,Obesity - Women - Aged 35-44,South Carolina,39,37.3,0.82,40.6,33.9,"CDC, Behavioral Risk Factor Surveillance System",2015-2016
2018,2018 HWC,Obesity - Women - American Indian/Alaskan Native,South Carolina,0,,0,58.8,4.4,"CDC, Behavioral Risk Factor Surveillance System",2015-2016
2018,2018 HWC,Obesity - Women - Asian,South Carolina,0,,0,16.7,0,"CDC, Behavioral Risk Factor Surveillance System",2015-2016
2018,2018 HWC,Obesity - Women - Black,South Carolina,0,45.8,0,49.8,41.9,"CDC, Behavioral Risk Factor Surveillance System",2015-2016
2018,2018 HWC,Obesity - Women - College Grad,South Carolina,36,24.6,0.96,28,21.3,"CDC, Behavioral Risk Factor Surveillance System",2015-2016
2018,2018 HWC,Obesity - Women - Hawaiian/Pacific Islander,South Carolina,0,,0,110.5,42.8,"CDC, Behavioral Risk Factor Surveillance System",2015-2016
2018,2018 HWC,Obesity - Women - High School Grad,South Carolina,40,43.1,0.98,48.2,38.1,"CDC, Behavioral Risk Factor Surveillance System",2015-2016
2018,2018 HWC,Obesity - Women - Hispanic,South Carolina,0,32.3,0,42.6,22,"CDC, Behavioral Risk Factor Surveillance System",2015-2016
2018,2018 HWC,"Obesity - Women - Less Than $25,000",South Carolina,33,44.3,0.74,49,39.6,"CDC, Behavioral Risk Factor Surveillance System",2015-2016
2018,2018 HWC,Obesity - Women - Less than High School,South Carolina,0,38.8,0,48.7,28.9,"CDC, Behavioral Risk Factor Surveillance System",2015-2016
2018,2018 HWC,Obesity - Women - Multiracial,South Carolina,0,33.5,0,46.9,20.1,"CDC, Behavioral Risk Factor Surveillance System",2015-2016
2018,2018 HWC,Obesity - Women - Other Race,South Carolina,0,,0,95.2,0,"CDC, Behavioral Risk Factor Surveillance System",2015-2016
2018,2018 HWC,Obesity - Women - Rural,South Carolina,0,38.1,0,46.4,29.7,"CDC, Behavioral Risk Factor Surveillance System",2015-2016
2018,2018 HWC,Obesity - Women - Some College,South Carolina,39,38.9,0.84,43.4,34.3,"CDC, Behavioral Risk Factor Surveillance System",2015-2016
2018,2018 HWC,Obesity - Women - Suburban,South Carolina,0,35.5,0,41.8,29.2,"CDC, Behavioral Risk Factor Surveillance System",2015-2016
2018,2018 HWC,Obesity - Women - Urban,South Carolina,0,34.7,0,42.5,26.8,"CDC, Behavioral Risk Factor Surveillance System",2015-2016
2018,2018 HWC,Obesity - Women - White,South Carolina,24,24.4,0.1,27.1,21.8,"CDC, Behavioral Risk Factor Surveillance System",2015-2016
2018,2018 HWC,Outcomes-Children,South Carolina,22,-0.006,-0.006,0,0,America's Health Rankings Composite Measure,2018
2018,2018 HWC,Outcomes-HWC,South Carolina,38,-0.111,-0.111,0,0,America's Health Rankings Composite Measure,2018
2018,2018 HWC,Outcomes-Infants,South Carolina,44,-0.065,-0.065,0,0,America's Health Rankings Composite Measure,2018
2018,2018 HWC,Outcomes-Women,South Carolina,42,-0.04,-0.04,0,0,America's Health Rankings Composite Measure,2018
2018,2018 HWC,Overall-Children,South Carolina,35,-0.081,-0.081,0,0,America's Health Rankings Composite Measure,2018
2018,2018 HWC,Overall-HWC,South Carolina,36,-0.29,-0.29,0,0,America's Health Rankings Composite Measure,2018
2018,2018 HWC,Overall-Infants,South Carolina,34,-0.061,-0.061,0,0,America's Health Rankings Composite Measure,2018
2018,2018 HWC,Overall-Women,South Carolina,39,-0.148,-0.148,0,0,America's Health Rankings Composite Measure,2018
2018,2018 HWC,Overweight or Obese-Youth,South Carolina,35,32.9,0.39,,,"Child and Adolescent Health Measurement Initiative, National Survey of Children’s Health, Data Resource Center for Child and Adolescent Health",2016
2018,2018 HWC,Physical Inactivity - Women,South Carolina,34,22.5,0.14,24.4,20.6,"CDC, Behavioral Risk Factor Surveillance System",2015-2016
2018,2018 HWC,"Physical Inactivity - Women - $25-$49,999",South Carolina,29,24.7,0.08,29.3,20.1,"CDC, Behavioral Risk Factor Surveillance System",2015-2016
2018,2018 HWC,"Physical Inactivity - Women - $50-$74,999",South Carolina,0,13.7,0,17.9,9.5,"CDC, Behavioral Risk Factor Surveillance System",2015-2016
2018,2018 HWC,"Physical Inactivity - Women - $75,000 or More",South Carolina,30,13.2,0.13,16.9,9.5,"CDC, Behavioral Risk Factor Surveillance System",2015-2016
2018,2018 HWC,Physical Inactivity - Women - Aged 18-24,South Carolina,27,18.3,-0.05,22.2,14.3,"CDC, Behavioral Risk Factor Surveillance System",2015-2016
2018,2018 HWC,Physical Inactivity - Women - Aged 25-34,South Carolina,32,22.5,0.12,25.7,19.3,"CDC, Behavioral Risk Factor Surveillance System",2015-2016
2018,2018 HWC,Physical Inactivity - Women - Aged 35-44,South Carolina,35,25.7,0.25,28.8,22.7,"CDC, Behavioral Risk Factor Surveillance System",2015-2016
2018,2018 HWC,Physical Inactivity - Women - American Indian/Alaskan Native,South Carolina,0,,0,67.3,14.9,"CDC, Behavioral Risk Factor Surveillance System",2015-2016
2018,2018 HWC,Physical Inactivity - Women - Asian,South Carolina,0,,0,22.1,0.5,"CDC, Behavioral Risk Factor Surveillance System",2015-2016
2018,2018 HWC,Physical Inactivity - Women - Black,South Carolina,0,30,0,33.8,26.3,"CDC, Behavioral Risk Factor Surveillance System",2015-2016
2018,2018 HWC,Physical Inactivity - Women - College Grad,South Carolina,29,12.9,-0.06,15.3,10.6,"CDC, Behavioral Risk Factor Surveillance System",2015-2016
2018,2018 HWC,Physical Inactivity - Women - Hawaiian/Pacific Islander,South Carolina,0,,0,60.4,0,"CDC, Behavioral Risk Factor Surveillance System",2015-2016
2018,2018 HWC,Physical Inactivity - Women - High School Grad,South Carolina,26,31.4,0.06,36.2,26.6,"CDC, Behavioral Risk Factor Surveillance System",2015-2016
2018,2018 HWC,Physical Inactivity - Women - Hispanic,South Carolina,0,29.3,0,39,19.6,"CDC, Behavioral Risk Factor Surveillance System",2015-2016
2018,2018 HWC,"Physical Inactivity - Women - Less Than $25,000",South Carolina,26,34.2,0.07,38.7,29.6,"CDC, Behavioral Risk Factor Surveillance System",2015-2016
2018,2018 HWC,Physical Inactivity - Women - Less than High School,South Carolina,0,46,0,56,36.1,"CDC, Behavioral Risk Factor Surveillance System",2015-2016
2018,2018 HWC,Physical Inactivity - Women - Multiracial,South Carolina,0,21,0,31.1,10.9,"CDC, Behavioral Risk Factor Surveillance System",2015-2016
2018,2018 HWC,Physical Inactivity - Women - Other Race,South Carolina,0,,0,64.9,0,"CDC, Behavioral Risk Factor Surveillance System",2015-2016
2018,2018 HWC,Physical Inactivity - Women - Rural,South Carolina,0,28.7,0,37,20.4,"CDC, Behavioral Risk Factor Surveillance System",2015-2016
2018,2018 HWC,Physical Inactivity - Women - Some College,South Carolina,26,21.7,0,25.2,18.2,"CDC, Behavioral Risk Factor Surveillance System",2015-2016
2018,2018 HWC,Physical Inactivity - Women - Suburban,South Carolina,0,19,0,23.8,14.3,"CDC, Behavioral Risk Factor Surveillance System",2015-2016
2018,2018 HWC,Physical Inactivity - Women - Urban,South Carolina,0,20.5,0,26.9,14,"CDC, Behavioral Risk Factor Surveillance System",2015-2016
2018,2018 HWC,Physical Inactivity - Women - White,South Carolina,27,17.2,0.02,19.4,15,"CDC, Behavioral Risk Factor Surveillance System",2015-2016
2018,2018 HWC,Policy-Children,South Carolina,9,0.038,0.038,0,0,America's Health Rankings Composite Measure,2018
2018,2018 HWC,Policy-HWC,South Carolina,14,0.058,0.058,0,0,America's Health Rankings Composite Measure,2018
2018,2018 HWC,Policy-Infants,South Carolina,13,0.022,0.022,0,0,America's Health Rankings Composite Measure,2018
2018,2018 HWC,Policy-Women,South Carolina,31,-0.001,-0.001,0,0,America's Health Rankings Composite Measure,2018
2018,2018 HWC,Postpartum Depression,South Carolina,,14.1,0.45,18.4,9.7,"CDC, Pregnancy Risk Assessment Monitoring System; California Department of Public Health, Maternal and Infant Health Assessment",2015
2018,2018 HWC,Postpartum Visit,South Carolina,,91.4,0.7,95.1,87.7,"CDC, Pregnancy Risk Assessment Monitoring System; California Department of Public Health, Maternal and Infant Health Assessment",2015
2018,2018 HWC,Prenatal Care Before 3rd Trimester,South Carolina,40,92.7,-0.68,,,"CDC, National Vital Statistics System",2015
2018,2018 HWC,Prenatal Care Before 3rd Trimester - American Indian / Alaska Native+B12,South Carolina,13,91.7,,,,"CDC, National Vital Statistics System",2016
2018,2018 HWC,Prenatal Care Before 3rd Trimester - Asian/Pacific Islanders,South Carolina,43,89.4,,,,"CDC, National Vital Statistics System",2016
2018,2018 HWC,Prenatal Care Before 3rd Trimester - Black,South Carolina,23,91.1,,,,"CDC, National Vital Statistics System",2016
2018,2018 HWC,Prenatal Care Before 3rd Trimester - College Graduate,South Carolina,41,95.9,,,,"CDC, National Vital Statistics System",2016
2018,2018 HWC,Prenatal Care Before 3rd Trimester - High School Graduate,South Carolina,37,91.4,,,,"CDC, National Vital Statistics System",2016
2018,2018 HWC,Prenatal Care Before 3rd Trimester - Hispanic,South Carolina,41,88.6,,,,"CDC, National Vital Statistics System",2016
2018,2018 HWC,Prenatal Care Before 3rd Trimester - Less than High School,South Carolina,32,87,,,,"CDC, National Vital Statistics System",2016
2018,2018 HWC,Prenatal Care Before 3rd Trimester - Mother Aged 15-19,South Carolina,24,90.2,,,,"CDC, National Vital Statistics System",2016
2018,2018 HWC,Prenatal Care Before 3rd Trimester - Mother Aged 20-24,South Carolina,39,91,,,,"CDC, National Vital Statistics System",2016
2018,2018 HWC,Prenatal Care Before 3rd Trimester - Mother Aged 25-29,South Carolina,38,93.2,,,,"CDC, National Vital Statistics System",2016
2018,2018 HWC,Prenatal Care Before 3rd Trimester - Mother Aged 30-34,South Carolina,39,94.3,,,,"CDC, National Vital Statistics System",2016
2018,2018 HWC,Prenatal Care Before 3rd Trimester - Mother Aged 35-39,South Carolina,41,93.7,,,,"CDC, National Vital Statistics System",2016
2018,2018 HWC,Prenatal Care Before 3rd Trimester - Mother Aged 40-44,South Carolina,34,92.7,,,,"CDC, National Vital Statistics System",2016
2018,2018 HWC,Prenatal Care Before 3rd Trimester - Some College,South Carolina,41,93,,,,"CDC, National Vital Statistics System",2016
2018,2018 HWC,Prenatal Care Before 3rd Trimester - White,South Carolina,41,93.6,,,,"CDC, National Vital Statistics System",2016
2018,2018 HWC,Preterm Birth,South Carolina,46,11.1,1.27,,,"CDC, National Vital Statistics System",2015
2018,2018 HWC,Preterm Birth - American Indian/Alaska Native,South Carolina,,11.1,,,,AHR data,
2018,2018 HWC,Preterm Birth - Asian or Pacific Islander,South Carolina,,10.4,,,,AHR data,
2018,2018 HWC,Preterm Birth - Black,South Carolina,,14.6,,,,"CDC, National Vital Statistics System",2016
2018,2018 HWC,Preterm Birth - College Graduate,South Carolina,,9.7,,,,"CDC, National Vital Statistics System",2016
2018,2018 HWC,Preterm Birth - High School Graduate,South Carolina,,11.8,,,,"CDC, National Vital Statistics System",2016
2018,2018 HWC,Preterm Birth - Hispanic,South Carolina,,9.3,,,,AHR data,
2018,2018 HWC,Preterm Birth - Less than High School,South Carolina,,12.3,,,,"CDC, National Vital Statistics System",2016
2018,2018 HWC,Preterm Birth - Mother Aged 15-19,South Carolina,,10.3,,,,"CDC, National Vital Statistics System",2016
2018,2018 HWC,Preterm Birth - Mother Aged 20-24,South Carolina,,10.4,,,,"CDC, National Vital Statistics System",2016
2018,2018 HWC,Preterm Birth - Mother Aged 25-29,South Carolina,,10.5,,,,"CDC, National Vital Statistics System",2016
2018,2018 HWC,Preterm Birth - Mother Aged 30-34,South Carolina,,10.9,,,,"CDC, National Vital Statistics System",2016
2018,2018 HWC,Preterm Birth - Mother Aged 35-39,South Carolina,,14.1,,,,"CDC, National Vital Statistics System",2016
2018,2018 HWC,Preterm Birth - Mother Aged 40-44,South Carolina,,14.2,,,,"CDC, National Vital Statistics System",2016
2018,2018 HWC,Preterm Birth - Mother Aged 45-49,South Carolina,,27.1,,,,AHR data,
2018,2018 HWC,Preterm Birth - Mother Aged 50+,South Carolina,,,,,,AHR data,
2018,2018 HWC,Preterm Birth - Mother Aged Less than 15,South Carolina,,,,,,AHR data,
2018,2018 HWC,Preterm Birth - Some College,South Carolina,,11.5,,,,"CDC, National Vital Statistics System",2016
2018,2018 HWC,Preterm Birth - White,South Carolina,,9.4,,,,"CDC, National Vital Statistics System",2016
2018,2018 HWC,Protective Family Routines and Habits (Ages 0-17),South Carolina,41,10.8,-0.44,,,"Child and Adolescent Health Measurement Initiative, National Survey of Children’s Health, Data Resource Center for Child and Adolescent Health",2016
2018,2018 HWC,Publicly-Funded Women's Health Services,South Carolina,12,31,0.45,,,Guttmacher Institute,2014
2018,2018 HWC,Sleep Position,South Carolina,,76.5,-0.33,82.4,70.6,"CDC, Pregnancy Risk Assessment Monitoring System; California Department of Public Health, Maternal and Infant Health Assessment",2015
2018,2018 HWC,Smoking - Women,South Carolina,29,18.3,0.52,20,16.6,"CDC, Behavioral Risk Factor Surveillance System",2015-2016
2018,2018 HWC,"Smoking - Women - $25-$49,999",South Carolina,23,20.5,0.22,24.8,16.1,"CDC, Behavioral Risk Factor Surveillance System",2015-2016
2018,2018 HWC,"Smoking - Women - $50-$74,999",South Carolina,0,11.5,0,15.7,7.2,"CDC, Behavioral Risk Factor Surveillance System",2015-2016
2018,2018 HWC,"Smoking - Women - $75,000 or More",South Carolina,0,4.4,0,6.2,2.7,"CDC, Behavioral Risk Factor Surveillance System",2015-2016
2018,2018 HWC,Smoking - Women - American Indian/Alaskan Native,South Carolina,0,,0,43,1.6,"CDC, Behavioral Risk Factor Surveillance System",2015-2016
2018,2018 HWC,Smoking - Women - Asian,South Carolina,0,,0,4.7,0,"CDC, Behavioral Risk Factor Surveillance System",2015-2016
2018,2018 HWC,Smoking - Women - Black,South Carolina,0,16.1,0,19.1,13.2,"CDC, Behavioral Risk Factor Surveillance System",2015-2016
2018,2018 HWC,Smoking - Women - College Grad,South Carolina,13,6,-0.17,7.6,4.3,"CDC, Behavioral Risk Factor Surveillance System",2015-2016
2018,2018 HWC,Smoking - Women - Hawaiian/Pacific Islander,South Carolina,0,,0,30.2,0,"CDC, Behavioral Risk Factor Surveillance System",2015-2016
2018,2018 HWC,Smoking - Women - High School Grad,South Carolina,25,28.2,0.37,32.7,23.7,"CDC, Behavioral Risk Factor Surveillance System",2015-2016
2018,2018 HWC,Smoking - Women - Hispanic,South Carolina,0,11.4,0,18,4.9,"CDC, Behavioral Risk Factor Surveillance System",2015-2016
2018,2018 HWC,"Smoking - Women - Less Than $25,000",South Carolina,27,32.1,0.48,36.4,27.8,"CDC, Behavioral Risk Factor Surveillance System",2015-2016
2018,2018 HWC,Smoking - Women - Less than High School,South Carolina,0,39.8,0,49.4,30.3,"CDC, Behavioral Risk Factor Surveillance System",2015-2016
2018,2018 HWC,Smoking - Women - Multiracial,South Carolina,0,28.2,0,39.8,16.6,"CDC, Behavioral Risk Factor Surveillance System",2015-2016
2018,2018 HWC,Smoking - Women - Other Race,South Carolina,0,,0,0,0,"CDC, Behavioral Risk Factor Surveillance System",2015-2016
2018,2018 HWC,Smoking - Women - Rural,South Carolina,0,22.8,0,30,15.6,"CDC, Behavioral Risk Factor Surveillance System",2015-2016
2018,2018 HWC,Smoking - Women - Some College,South Carolina,18,20.4,-0.1,24,16.8,"CDC, Behavioral Risk Factor Surveillance System",2015-2016
2018,2018 HWC,Smoking - Women - Suburban,South Carolina,0,11.1,0,14.9,7.4,"CDC, Behavioral Risk Factor Surveillance System",2015-2016
2018,2018 HWC,Smoking - Women - Urban,South Carolina,0,17.1,0,23.4,10.9,"CDC, Behavioral Risk Factor Surveillance System",2015-2016
2018,2018 HWC,Smoking - Women - White,South Carolina,32,20.6,0.16,23,18.2,"CDC, Behavioral Risk Factor Surveillance System",2015-2016
2018,2018 HWC,Smoking - Women Aged 18-24,South Carolina,0,13.9,0,17.3,10.5,"CDC, Behavioral Risk Factor Surveillance System",2015-2016
2018,2018 HWC,Smoking - Women Aged 25-34,South Carolina,28,20.9,0.59,23.9,17.9,"CDC, Behavioral Risk Factor Surveillance System",2015-2016
2018,2018 HWC,Smoking - Women Aged 35-44,South Carolina,29,19,0.44,21.7,16.3,"CDC, Behavioral Risk Factor Surveillance System",2015-2016
2018,2018 HWC,Substance Use Disorder-Youth,South Carolina,14,4.3,-0.31,5.4,3.4,"SAMHSA, National Survey on Drug Use and Health (NSDUH)",2015-2016
2018,2018 HWC,Supportive Neighborhoods,South Carolina,24,57.5,0.58,,,"Child and Adolescent Health Measurement Initiative, National Survey of Children’s Health, Data Resource Center for Child and Adolescent Health",2016
2018,2018 HWC,Teen Births,South Carolina,35,26.2,0.53,,,"CDC, National Vital Statistics System",2015
2018,2018 HWC,Teen Suicide,South Carolina,15,9.4,0.08,11.6,7.6,"CDC, National Vital Statistics System",2014-2016
2018,2018 HWC,Teen Suicide - American Indian/Alaska Native,South Carolina,,,,,,AHR data,
2018,2018 HWC,Teen Suicide - Asian/Pacific Islander,South Carolina,,,,,,AHR data,
2018,2018 HWC,Teen Suicide - Black,South Carolina,,,,8.4,2.9,"CDC, National Vital Statistics System",2014-2016
2018,2018 HWC,Teen Suicide - Female,South Carolina,,,,5.1,1.7,"CDC, National Vital Statistics System",2014-2016
2018,2018 HWC,Teen Suicide - Hispanic,South Carolina,,,,,,"CDC, National Vital Statistics System",2014-2016
2018,2018 HWC,Teen Suicide - Male,South Carolina,,15.4,,19.4,12.2,"CDC, National Vital Statistics System",2014-2016
2018,2018 HWC,Teen Suicide - White,South Carolina,,11.8,,14.8,9.2,"CDC, National Vital Statistics System",2014-2016
2018,2018 HWC,Tobacco Use During Pregnancy,South Carolina,21,9.8,0.43,,,"CDC, National Vital Statistics System",2015
2018,2018 HWC,Tobacco Use-Youth,South Carolina,34,7.4,0.94,9.1,5.9,"SAMHSA, National Survey on Drug Use and Health (NSDUH)",2015-2016
2018,2018 HWC,Uninsured Women,South Carolina,39,14.5,0.49,16,13,"U.S. Census Bureau, American Community Survey",2016
2018,2018 HWC,Water Fluoridation,South Carolina,9,93.6,0.84,,,"CDC, Water Fluoridation Reporting System",2014
2018,2018 HWC,Well-Baby Check,South Carolina,31,91.4,0.19,97.4,85.4,"Child and Adolescent Health Measurement Initiative, National Survey of Children’s Health, Data Resource Center for Child and Adolescent Health",2016
2018,2018 HWC,Well-Woman Visit,South Carolina,38,61.7,-0.92,64,59.5,"CDC, Behavioral Risk Factor Surveillance System",2015-2016
2018,2018 HWC,"Well-Woman Visit - $25-$49,999",South Carolina,40,57.9,-1,62.9,52.8,"CDC, Behavioral Risk Factor Surveillance System",2015-2016
2018,2018 HWC,"Well-Woman Visit - $75,000 or More",South Carolina,36,68.1,-0.64,73,63.2,"CDC, Behavioral Risk Factor Surveillance System",2015-2016
2018,2018 HWC,"Well-Woman Visit - 50-$74,999",South Carolina,36,63.1,-0.67,69.7,56.5,"CDC, Behavioral Risk Factor Surveillance System",2015-2016
2018,2018 HWC,Well-Woman Visit - Aged 18-24,South Carolina,44,58.4,-1.09,63.4,53.4,AHR data,
2018,2018 HWC,Well-Woman Visit - Aged 25-34,South Carolina,46,56.8,-1.43,60.5,53.1,AHR data,
2018,2018 HWC,Well-Woman Visit - Aged 35-44,South Carolina,26,69.2,-0.04,72.4,66.1,AHR data,
2018,2018 HWC,Well-Woman Visit - American Indian/Alaskan Native,South Carolina,0,,0,66,12.8,"CDC, Behavioral Risk Factor Surveillance System",2015-2016
2018,2018 HWC,Well-Woman Visit - Asian,South Carolina,0,,0,66.7,24.8,"CDC, Behavioral Risk Factor Surveillance System",2015-2016
2018,2018 HWC,Well-Woman Visit - Black,South Carolina,0,72.1,0,75.5,68.7,"CDC, Behavioral Risk Factor Surveillance System",2015-2016
2018,2018 HWC,Well-Woman Visit - College Grad,South Carolina,44,63.3,-1.34,67.1,59.4,"CDC, Behavioral Risk Factor Surveillance System",2015-2016
2018,2018 HWC,Well-Woman Visit - Hawaiian/Pacific Islander,South Carolina,0,,0,95.9,0,"CDC, Behavioral Risk Factor Surveillance System",2015-2016
2018,2018 HWC,Well-Woman Visit - High School Grad,South Carolina,23,64.3,-0.2,69.1,59.6,"CDC, Behavioral Risk Factor Surveillance System",2015-2016
2018,2018 HWC,Well-Woman Visit - Hispanic,South Carolina,0,62.7,0,72.6,52.7,"CDC, Behavioral Risk Factor Surveillance System",2015-2016
2018,2018 HWC,"Well-Woman Visit - Less than $25,000",South Carolina,32,62.6,-0.09,67.3,58,"CDC, Behavioral Risk Factor Surveillance System",2015-2016
2018,2018 HWC,Well-Woman Visit - Less than High School,South Carolina,0,65.4,0,75.1,55.8,"CDC, Behavioral Risk Factor Surveillance System",2015-2016
2018,2018 HWC,Well-Woman Visit - Multiracial,South Carolina,0,62,0,75.8,48.2,"CDC, Behavioral Risk Factor Surveillance System",2015-2016
2018,2018 HWC,Well-Woman Visit - Other Race,South Carolina,0,,0,65.6,0,"CDC, Behavioral Risk Factor Surveillance System",2015-2016
2018,2018 HWC,Well-Woman Visit - Rural,South Carolina,0,68.3,0,75.8,60.8,"CDC, Behavioral Risk Factor Surveillance System",2015-2016
2018,2018 HWC,Well-Woman Visit - Some College,South Carolina,41,60.7,-1.07,65.1,56.3,"CDC, Behavioral Risk Factor Surveillance System",2015-2016
2018,2018 HWC,Well-Woman Visit - Suburban,South Carolina,0,65.3,0,71.5,59.1,"CDC, Behavioral Risk Factor Surveillance System",2015-2016
2018,2018 HWC,Well-Woman Visit - Urban,South Carolina,0,65.6,0,73.2,58,"CDC, Behavioral Risk Factor Surveillance System",2015-2016
2018,2018 HWC,Well-Woman Visit - White,South Carolina,46,56.5,-1.55,59.5,53.4,"CDC, Behavioral Risk Factor Surveillance System",2015-2016
